Titolo;Stato Candidature;Categoria;Tipologia;Scadenza;Giorni Alla Scadenza;Destinatari;Requisiti;Sintesi Oggetto;Link Bando;Link PDF
Bando di concorso per l’assegnazione di incentivi agli iscritti all’anno accademico 2026/2027 immatricolati nell’anno accademico 2025/2026 a corsi di studio delle classi STEAM;Candidature Aperte;Bandi DIFA / Dipartimento;Borse di studio e agevolazioni;Scadenza: 27 ottobre 2026, 12:00;36 giorni;Studio dal secondo anno in poi;Specifici da bando;L’Alma Mater Studiorum – Università di Bologna, istituisce un concorso per l’assegnazione di incentivi per l’iscrizione ai corsi di studio , non a programmazione nazionale, afferenti alle classi STEAM (Science Technology Engineering Art Mathematics), ai sensi delle disposizioni di cui alla L. 170/2003. I fondi disponibili per l’intervento ammontano a 675.886,15 € e sono ripartiti per ciascuna classe in proporzione al numero di immatricolati nell’…;https://bandi.unibo.it/s/abis1/bando-di-concorso-per-l-assegnazione-di-incentivi-agli-iscritti-all-anno-accademico-2026-2027-immatricolati-nell-anno-accademico-2025-2026-a-corsi-di-studio-delle-classi-steam;https://bandi.unibo.it/s/abis1/bando-di-concorso-per-l-assegnazione-di-incentivi-agli-iscritti-all-anno-accademico-2026-2027-immatricolati-nell-anno-accademico-2025-2026-a-corsi-di-studio-delle-classi-steam/bando/bando-incentivi-corsi-steam-imm-25-26.pdf/@@download/file/Bando Incentivi Corsi STEAM Imm. 25-26.pdf
Esoneri e riduzioni dalle tasse in base alla tua situazione economica;Candidature Aperte;Riduzione delle tasse: esoneri e incentivi;Riduzione delle tasse: esoneri e incentivi;Scadenza: 30 ottobre 2026, 18:00;39 giorni;Studio al primo anno, Studio dal secondo anno in poi, Ho una laurea;Merito, Reddito, Iscrizione;Tu sei qui: Home / Borse di studio, esoneri, bandi di mobilità e assegni di tutorato alla pari Esoneri e riduzioni dalle tasse in base alla tua situazione economica scadenza: 30 ottobre 2026, 18:00 Mi interessa se: Studio al primo anno, Studio dal secondo anno in poi, Ho una laurea Mi voglio iscrivere a un corso dell'Università di Bologna nell'a.a. 2026/27. Tipo di corso: Laurea, Laurea magistrale a ciclo unico, Laurea magistrale Requisiti per pa…;https://bandi.unibo.it/s/amministrazione-generale/esoneri-e-riduzioni-dalle-tasse-in-base-alla-tua-situazione-economica;
Esonero totale per chi appartiene a un ordine religioso;Candidature Aperte;Riduzione delle tasse: esoneri e incentivi;Riduzione delle tasse: esoneri e incentivi;Scadenza: 16 novembre 2026, 18:00;56 giorni;Studio al primo anno, Studio dal secondo anno in poi, Ho una laurea;Iscrizione;Tu sei qui: Home / Borse di studio, esoneri, bandi di mobilità e assegni di tutorato alla pari Esonero totale per chi appartiene a un ordine religioso scadenza: 16 novembre 2026, 18:00 Mi interessa se: Studio al primo anno, Studio dal secondo anno in poi, Ho una laurea Se fai parte in modo permanente di un ordine religioso, ovvero sei totalmente a carico di un ordine religioso per il tuo mantenimento Tipo di corso: Laurea, Laurea magistrale a cic…;https://bandi.unibo.it/s/amministrazione-generale/esonero-totale-per-chi-appartiene-a-un-ordine-religioso;
Riduzioni per chi ha altri familiari che frequentano l'Università;Candidature Aperte;Riduzione delle tasse: esoneri e incentivi;Riduzione delle tasse: esoneri e incentivi;Scadenza: 20 novembre 2026;60 giorni;Studio al primo anno, Studio dal secondo anno in poi, Ho una laurea;Iscrizione;Autocertificazione esonero per componenti dello stesso nucleo familiare La/Il sottoscritta/o ____________________________________________________________________ nata/o a ___________________________________________________ (____) il _____ / _____ / _____ residente in _______________________________ (_____), via ________________________________ n. ______ matricola numero ____________________ consapevole delle sanzioni previste dall’art. 76 del Tes…;https://bandi.unibo.it/s/amministrazione-generale/riduzioni-per-chi-ha-altri-familiari-che-frequentano-l-universita;https://bandi.unibo.it/s/amministrazione-generale/riduzioni-per-chi-ha-altri-familiari-che-frequentano-l-universita/bando/modulo-autocertificazione-richiesta-esonero-nucleo-familiare-1.pdf/@@download/file/Autocertificazione-richiesta-esonero-nucleo-familiare.pdf
Esonero per chi ha un genitore vittima del dovere del terrorismo e delle stragi di tale matrice;Candidature Aperte;Riduzione delle tasse: esoneri e incentivi;Riduzione delle tasse: esoneri e incentivi;Scadenza: 20 novembre 2026;60 giorni;Studio al primo anno, Studio dal secondo anno in poi, Ho una laurea;Iscrizione, Specifici da bando;del terrorismo e delle stragi di tale matrice con atto n. _______________________ rilasciato da ________________________________________ in data ______________________ .  vittima del terrorismo e de lle stragi di tale matrice ai sensi della L. 206/2004 con atto n. _______________________ rilasciato da ____ ____________________________________ in data ______________________ .;https://bandi.unibo.it/s/amministrazione-generale/esonero-per-chi-ha-un-genitore-vittima-del-dovere;https://bandi.unibo.it/s/amministrazione-generale/esonero-per-chi-ha-un-genitore-vittima-del-dovere/bando/autocertificazione-vittime-del-dovere-1.pdf/@@download/file/Autocertificazione-vittime-del-dovere.pdf
Esonero per chi ha un genitore che beneficia della pensione di inabilità ai sensi della L. 118/1971;Candidature Aperte;Riduzione delle tasse: esoneri e incentivi;Riduzione delle tasse: esoneri e incentivi;Scadenza: 18 dicembre 2026;88 giorni;Studio al primo anno, Studio dal secondo anno in poi, Ho una laurea;Iscrizione, Specifici da bando;Esonero contribuzioni studentesche - Autocertificazione beneficiari pensione di inabilità definita ai sensi dell’art. 12 L.118/71 La/Il sottoscritta/o ________________________________________________________________ nata/o a ___________________________________________________________________ (____) il _____ / _____ / _____ Codice Fiscale_________________________________________________ residente a __________ ______________________________________…;https://bandi.unibo.it/s/amministrazione-generale/esonero-per-chi-ha-un-genitore-che-beneficia-della-pensione-di-inabilita-ai-sensi-della-l-118-1971;https://bandi.unibo.it/s/amministrazione-generale/esonero-per-chi-ha-un-genitore-che-beneficia-della-pensione-di-inabilita-ai-sensi-della-l-118-1971/bando/2024-autocertificazione-per-figli-beneficiari-pensione-2.pdf/@@download/file/Autocertificazione-per-figli-beneficiari-pensione.pdf
Esonero se diventi genitore;Candidature Aperte;Riduzione delle tasse: esoneri e incentivi;Riduzione delle tasse: esoneri e incentivi;Scadenza: 31 marzo 2027;191 giorni;Studio al primo anno, Studio dal secondo anno in poi, Ho una laurea;Iscrizione, Specifici da bando;UNIVERSITÀ DI BOLOGNA Autocertificazione esonero studenti/studentesse che diventano genitori La/Il sottoscritta/o ________________________________________________________________ nata/o a _______________________________________________ (____) il _____ / _____ / _____ residente in _______________________________ (_____), via _____________________________ n. ______ matricola numero __________________ consapevole delle sanzioni previste dall’art. 76…;https://bandi.unibo.it/s/amministrazione-generale/esonero-se-diventi-genitore;https://bandi.unibo.it/s/amministrazione-generale/esonero-se-diventi-genitore/bando/autocertificazione-per-studenti-che-diventano-genitori-1.pdf/@@download/file/Autocertificazione-per-studenti-che-diventano-genitori.pdf
Esonero per chi ha una disabilità;Candidature Aperte;Riduzione delle tasse: esoneri e incentivi;Riduzione delle tasse: esoneri e incentivi;Valido tutto l'anno;N/D (Aperto tutto l'anno o in arrivo);Studio al primo anno, Studio dal secondo anno in poi, Ho una laurea;Specifici da bando;Tu sei qui: Home / Borse di studio, esoneri, bandi di mobilità e assegni di tutorato alla pari Esonero per chi ha una disabilità scadenza: Valido tutto l'anno Mi interessa se: Studio al primo anno, Studio dal secondo anno in poi, Ho una laurea Tipo di corso: Laurea, Laurea magistrale a ciclo unico, Laurea magistrale Requisiti per partecipare: Specifici da bando Le studentesse e gli studenti in possesso di certificazione di invalidità civile pari …;https://bandi.unibo.it/s/amministrazione-generale/esonero-per-chi-ha-una-disabilita;
Esonero totale per merito per chi si iscrive al primo anno dei corsi di Laurea Magistrale;Candidature Aperte;Riduzione delle tasse: esoneri e incentivi;Riduzione delle tasse: esoneri e incentivi;Valido tutto l'anno;N/D (Aperto tutto l'anno o in arrivo);Studio al primo anno, Studio dal secondo anno in poi, Ho una laurea;Merito, Iscrizione;Tu sei qui: Home / Borse di studio, esoneri, bandi di mobilità e assegni di tutorato alla pari Esonero totale per merito per chi si iscrive al primo anno dei corsi di Laurea Magistrale scadenza: Valido tutto l'anno Mi interessa se: Studio al primo anno, Studio dal secondo anno in poi, Ho una laurea Se ti iscrivi al primo anno dei corsi di Laurea Magistrale e hai specifici requisiti di merito. Tipo di corso: Laurea, Laurea magistrale a ciclo unico…;https://bandi.unibo.it/s/amministrazione-generale/esonero-totale-per-merito-per-chi-si-iscrive-al-primo-anno-dei-corsi-di-laurea-magistrale;
Riduzione tasse per laureande e laureandi in debito di sola prova finale;In arrivo (Candidature non ancora aperte);Prossimi bandi in uscita;Borse di studio e agevolazioni;Periodo: gennaio – marzo 2027;191 giorni;Studio al primo anno, Ho una laurea;Merito, Reddito, Iscrizione;Tu sei qui: Home / Borse di studio, esoneri, bandi di mobilità e assegni di tutorato alla pari Riduzione tasse per laureande e laureandi in debito di sola prova finale Mi interessa se: Studio al primo anno, Ho una laurea sono fuori corso e mi manca solo la prova finale Tipo di corso: Laurea, Laurea magistrale a ciclo unico, Laurea magistrale Requisiti per partecipare: Merito, Reddito, Iscrizione È necessario essere iscritti o iscritte da un numer…;https://bandi.unibo.it/s/amministrazione-generale/riduzione-tasse-per-laureande-e-laureandi-in-debito-di-sola-prova-finale;
Incentivi per studentesse e studenti iscritti ai corsi di studio appartenenti alle classi STEAM;In arrivo (Candidature non ancora aperte);Prossimi bandi in uscita;Borse di studio e agevolazioni;Periodo: settembre - ottobre 2026;40 giorni;Studio dal secondo anno in poi, Ho una laurea;Merito, Iscrizione, Specifici da bando;Tu sei qui: Home / Borse di studio, esoneri, bandi di mobilità e assegni di tutorato alla pari Incentivi per studentesse e studenti iscritti ai corsi di studio appartenenti alle classi STEAM Mi interessa se: Studio dal secondo anno in poi, Ho una laurea Sono iscritto o iscritta all’Università di Bologna al II anno nell’a.a. 2026/2027 e mi sono immatricolato o immatricolata nell’anno accademico 2025/2026 a uno dei corsi appartenenti alle classi ST…;https://bandi.unibo.it/s/amministrazione-generale/incentivi-per-studentesse-e-studenti-iscritti-ai-corsi-di-studio-appartenenti-alle-classi-steam;
Interventi a supporto di studentesse e studenti in particolare difficoltà, in collaborazione con ER.GO;In arrivo (Candidature non ancora aperte);Prossimi bandi in uscita;Borse di studio e agevolazioni;Periodo: febbraio - marzo 2027;191 giorni;Studio dal secondo anno in poi, Ho una laurea;Merito, Reddito, Iscrizione;Tu sei qui: Home / Borse di studio, esoneri, bandi di mobilità e assegni di tutorato alla pari Interventi a supporto di studentesse e studenti in particolare difficoltà, in collaborazione con ER.GO Mi interessa se: Studio dal secondo anno in poi, Ho una laurea Sono iscritto o iscritta all’Università di Bologna e mi trovo in condizioni di particolare ed eccezionale disagio personale, familiare o economico tali da ostacolare o compromettere la pros…;https://bandi.unibo.it/s/amministrazione-generale/interventi-a-supporto-di-studentesse-e-studenti-in-particolare-difficolta-in-collaborazione-con-er-go;
Contributi finanziari per l'acquisizione di ausili o supporti per lo studio di studentesse e studenti con disabilità e con DSA;Scaduto / Chiuso;Prossimi bandi in uscita;Borse di studio e agevolazioni;Periodo: aprile - giugno 2026;Scaduto;Studio al primo anno, Studio dal secondo anno in poi, Ho una laurea;Merito, Specifici da bando;Tu sei qui: Home / Borse di studio, esoneri, bandi di mobilità e assegni di tutorato alla pari Contributi finanziari per l'acquisizione di ausili o supporti per lo studio di studentesse e studenti con disabilità e con DSA Mi interessa se: Studio al primo anno, Studio dal secondo anno in poi, Ho una laurea Ho una disabilità o DSA Tipo di corso: Laurea, Laurea magistrale a ciclo unico, Laurea magistrale Requisiti per partecipare: Merito, Specifici …;https://bandi.unibo.it/s/amministrazione-generale/contributi-finanziari-per-l-acquisizione-di-ausili-o-supporti-per-lo-studio-di-studentesse-e-studenti-con-disabilita-e-con-dsa;
